category_vi,category_en
"Dầu, mỡ, bơ","Oil, fat, butter"
"Gia vị, nước chấm","Spices, sauces"
"Hạt, quả giàu đạm, béo và sản phẩm chế biến","Seeds, fruits rich in protein, fat and processed products"
Khoai củ và sản phẩm chế biến,Tubers and processed products
Ngũ cốc và sản phẩm chế biến,Cereals and processed products
Nước giải khát,Soft drinks
Quả chín,Ripe fruit
"Rau, quả, củ dùng làm rau","Vegetables, fruits, tubers used as vegetables"
Sữa và sản phẩm chế biến,Milk and processed products
Thịt và sản phẩm chế biến,Meat and processed products
Thủy sản và sản phẩm chế biến,Seafood and processed products
Thức ăn truyền thống,Traditional food
Trứng và sản phẩm chế biến,Eggs and processed products
Đồ hộp,Canned food
"Đồ ngọt (đường, bánh, mứt, kẹo)","Sweets (sugar, cakes, jams, candies)"
