code,name_vi,name_en,category_vi,category_en,energy_kcal,protein_g,fat_g,carbs_g,fiber_g,sugar_g,water_g,ash_g,calcium_mg,iron_mg,sodium_mg,potassium_mg,zinc_mg,magnesium_mg,phosphorus_mg,copper_mg,manganese_mg,selenium_mcg,vitamin_c_mg,retinol_mcg,vitamin_a_rae_mcg,vitamin_b1_mg,vitamin_b2_mg,vitamin_b3_mg,vitamin_b5_mg,vitamin_b6_mg,folate_total_mcg,folate_food_mcg
15001,Bánh bao chiên có nhân,"Filled steamed bread, fried",Thức ăn truyền thống,Traditional food,177,2.3,10.1,19.31,1.7,,66.9,1.39,108.3,1.55,,,0.4,,61.9,,,,,,,,,,,,,
15002,Bánh bèo,Bloating Fern-shaped cake,Thức ăn truyền thống,Traditional food,118,1.8,4.2,18.15,0.6,,75.3,0.55,84.8,2.45,,,0.52,,25.8,,,,,,,,,,,,,
15003,Bánh bột lọc,Rice dumpling cake,Thức ăn truyền thống,Traditional food,137,6.8,4.3,17.74,0.6,,69.9,1.26,104.9,1.88,,,0.45,,13,,,,,,,,,,,,,
15004,Bánh chay,"Stuffed sticky rice balls, large",Thức ăn truyền thống,Traditional food,156,3.3,3.1,28.71,0.4,,64.7,0.19,12.2,0.78,,,0.32,,26.4,,,,,,,,,,,,,
15005,Bánh chín tầng mây,,Thức ăn truyền thống,Traditional food,169,0.2,0.6,40.77,0.1,,58.2,0.23,58.4,0.94,,,0.89,,7.6,,,,,,,,,,,,,
15006,Bánh chưng,Stuffed sticky rice cake,Thức ăn truyền thống,Traditional food,181,4.3,4.2,31.6,0.6,,59.1,0.8,25.6,0.94,,,1.4,,49.5,,,,,,,,,,,,,
15007,Bánh chuối,Banana cake,Thức ăn truyền thống,Traditional food,297,2,14.2,40.34,0.1,,42.9,0.56,123.7,1.1,,,0.45,,13,,,,,,,,,,,,,
15008,Bánh cốm,Young rice cake,Thức ăn truyền thống,Traditional food,250,3.4,0.3,58.5,1.1,,37.1,0.7,27.9,0.6,,,0.77,,104.7,,,,,,,,,,,,,
15009,Bánh cuốn,Stuffed pancake,Thức ăn truyền thống,Traditional food,129,3,5.3,17.4,0.6,,73.2,1.1,73.4,0.5,,,0.19,,29.9,,,,,,,,,,,,,
15010,Bánh cuốn nóng nhân thịt,"Stuffed pancake, with pork",Thức ăn truyền thống,Traditional food,102,2.1,2.6,17.65,0.3,,76.6,1.05,70,0.92,,,0.44,,17.8,,,,,,,,,,,,,
15011,Bánh dẻo nhân thập cẩm,Sticky rice cake (filled with preserved fruit and meat),Thức ăn truyền thống,Traditional food,349,5,9.8,60.3,0.9,,24.6,0.3,28.7,1.2,,,0.55,,57.8,,,,,,,,,,,,,
15012,Bánh dẻo nhân trứng,Sticky rice cake (filled with egg),Thức ăn truyền thống,Traditional food,338,7.4,8.2,58.6,1.1,,25.4,0.4,31.5,1.5,,,0.8,,133.1,,,,,,,,,,,,,
15013,Bánh đúc nguội,"Plain rice flan; rice cake made of rice flour, and lime water",Thức ăn truyền thống,Traditional food,88,2,2.1,15.36,0.7,,79,1.54,55.7,0.61,,,0.2,,18.2,,,,,,,,,,,,,
15014,Bánh đúc nóng,"Plain rice flan; rice cake made of rice flour, and lime water, hot",Thức ăn truyền thống,Traditional food,108,3.9,6.3,8.95,0.1,,79.8,1.05,61.3,1.48,,,0.33,,9.4,,,,,,,,,,,,,
15015,Bánh gai,Stuffed sticky rice cake with ramie leaves,Thức ăn truyền thống,Traditional food,251,4.7,2.5,52.3,0.4,,39.3,1.2,239.5,11.8,,,0.56,,44.3,,,,,,,,,,,,,
15016,Bánh gio,Sticky rice cake with ash water,Thức ăn truyền thống,Traditional food,173,2,0.4,40.44,0.4,,56.6,0.56,173.4,1.18,,,0.58,,16.9,,,,,,,,,,,,,
15017,Bánh giò,"Pyramidal rice dumpling (filled with meat, onion, mushroom), meat pie",Thức ăn truyền thống,Traditional food,234,2.8,17.5,16.3,0.6,,62.3,1.1,33.5,0.37,,,1.21,,20.1,,,,,,,,,,,,,
15018,Bánh khoai,Cake made of sweet potato meal (mixed with rice flour,Thức ăn truyền thống,Traditional food,141,4.1,1.6,27.64,0.5,,65.5,1.16,4.7,1.05,,,0.57,,69.5,,,,,,,,,,,,,
15019,Bánh khoái,Plain rice flan,Thức ăn truyền thống,Traditional food,159,0.6,10.2,16.26,3,,72.1,0.84,82.3,1.48,,,0.22,,38.6,,,,,,,,,,,,,
15020,Bánh khoai sọ chiên,"Taro cake, fried",Thức ăn truyền thống,Traditional food,197,5.6,8.3,24.9,0.2,,60,1.2,93.9,1.08,,,1.12,,41.3,,,,,,,,,,,,,
15021,Bánh khúc,Cake made of glutinous rice mixed with everlasting gnaphalium leaves (filled with green bean paste and sprinkled with grains of cooked glutinous rice),Thức ăn truyền thống,Traditional food,249,4.1,3.8,49.7,0.6,,41.6,0.8,27.5,1.13,,,1.57,,44.8,,,,,,,,,,,,,
15022,Bánh mè,"Bread with egg and sesame seed, fried",Thức ăn truyền thống,Traditional food,482,5.5,26.5,55.42,1.1,,12,0.58,94.4,2.44,,,0.79,,93.3,,,,,,,,,,,,,
15023,Bánh mì xíu mại,Bread with egg and beef,Thức ăn truyền thống,Traditional food,189,11.3,7.5,19,1.2,,60.5,1.7,56.6,1.52,,,3.4,,57.9,,,,,,,,,,,,,
15024,Bánh mỳ patê,Bread with pate,Thức ăn truyền thống,Traditional food,266,9.8,11,31.9,0.6,,45.9,1.4,40.3,3.45,,,0.74,,76.2,,,,,,,,,,,,,
15025,Bánh nếp,Sticky rice cake,Thức ăn truyền thống,Traditional food,216,5,3.2,41.77,0.6,,49.2,0.83,16.8,1.29,,,0.5,,39.2,,,,,,,,,,,,,
15026,Bánh nướng nhân thập cẩm,Pie filled with various fruit and meat,Thức ăn truyền thống,Traditional food,386,5.2,14.8,58.1,1.8,,21.4,0.5,42.9,2.1,,,0.84,,51.9,,,,,,,,,,,,,
15027,Bánh nướng nhân trứng đỗ xanh,Pie filled with egg and mungbean,Thức ăn truyền thống,Traditional food,371,9.6,13.9,51.9,2.7,,23.7,0.9,55.1,2.6,,,1.31,,392.9,,,,,,,,,,,,,
15028,"Bánh phu thê (su sê, xu xuê)",Yellow-coloured wedding pastry,Thức ăn truyền thống,Traditional food,185,2.1,1.3,41.1,1,,54.8,0.7,12.8,1.21,,,0.2,,20.4,,,,,,,,,,,,,
15029,Bánh rán bọc đường,"Rice cake, fried with sugar",Thức ăn truyền thống,Traditional food,318,3.7,9.1,55.42,0.2,,31.6,0.18,35.4,0.67,,,0.42,,18,,,,,,,,,,,,,
15030,Bánh tẻ,"Rice cake,, filled with meat",Thức ăn truyền thống,Traditional food,104,1.5,3.2,17.23,1.1,,77.7,0.37,59.4,0.71,,,0.34,,13.2,,,,,,,,,,,,,
15031,Bánh tôm,Crisp shrimp pastry,Thức ăn truyền thống,Traditional food,204,4,10.8,22.64,0.4,,61.1,1.46,232.4,2.54,,,0.43,,24.1,,,,,,,,,,,,,
15032,Bánh trôi,Stuffed sticky rice balls,Thức ăn truyền thống,Traditional food,202,2.8,0.6,46.37,0.2,,50.1,0.13,16.1,1.86,,,0.45,,13.9,,,,,,,,81,,,,,
15033,Bún bò Nam bộ,"Vermicelli noodles with beef, southern style",Thức ăn truyền thống,Traditional food,81,3.2,0.6,15.73,0.4,,79.7,0.77,87.3,0.55,,,0.13,,25.4,,,,,,,,,,,,,
15034,Bún chả,Vermicelli noodles with grilled pork,Thức ăn truyền thống,Traditional food,136,6.1,4.4,17.9,0.6,,70.6,1,91.1,0.99,,,0.77,,33.3,,,,,,,,,,,,,
15035,Bún cua,Vermicelli noodles with fresh water crab,Thức ăn truyền thống,Traditional food,53,2.1,0.9,9.1,,,86.6,1.3,97.9,2.07,,,0.4,,23.2,,,,,,,,,,,,,
15036,Bún đậu,"Vermicelli noodles with tofu, dried",Thức ăn truyền thống,Traditional food,151,3,6.4,20.3,0.7,,68.6,1.7,226.8,1.75,,,0.37,,61.4,,,,,,,,,,,,,
15037,Bún dọc mùng,Vermicelli noodles with giant elephant ear stem,Thức ăn truyền thống,Traditional food,408,3,2.6,8.3,,,84.8,1.3,57.7,0.79,,,0.39,,26.7,,,,,,,,,,,,,
15038,Bún nem,Vermicelli noodles with pork rolls,Thức ăn truyền thống,Traditional food,120,3.3,3.9,17.8,0.6,,74.1,0.9,139.2,1.08,,,0.15,,27.8,,,,,,,,,,,,,
15039,Bún ốc,Vermicelli noodles with snail,Thức ăn truyền thống,Traditional food,62,3.1,0.7,10.9,,,83.9,1.4,181.1,1.78,,,0.29,,22,,,,,,,,,,,,,
15040,Caramen,Caramel cake,Thức ăn truyền thống,Traditional food,109,5.2,4.1,12.81,0,,77.3,0.59,83.2,0.94,,,0.47,,75,,,,,,,,,,,,,
15041,Chả quế,Roasted cinnamon pork,Thức ăn truyền thống,Traditional food,339,18.3,29,1.1,0.4,,49.1,2.5,24.1,8.96,,,2.19,,301.7,,,,,,,,,,,,,
15042,Cháo lòng,Pig's tripes soup,Thức ăn truyền thống,Traditional food,69,1.4,4.4,6,0.1,,87.3,0.9,26.3,2.42,,,1.15,,25.5,,,,,,,,,,,,,
15043,Cháo sườn,Rice soup with pork rips,Thức ăn truyền thống,Traditional food,40,1.5,0.2,8,0.1,,89.7,0.6,20.9,0.53,,,0.34,,7.1,,,,,,,,,,,,,
15044,Cháo trai,Rice soup with clams,Thức ăn truyền thống,Traditional food,49,2.2,0.7,8.4,0.3,,87.7,1,37.2,1.66,,,0.92,,39.1,,,,,,,,,,,,,
15045,Chè bưởi,Sweets gruel with pomelo flavor,Thức ăn truyền thống,Traditional food,73,0.8,0.41,16.64,0.2,,82,0.15,29.9,0.33,,,0.24,,7.2,,,,,,,,,,,,,
15046,Chè chuối,Sweets gruel with banana,Thức ăn truyền thống,Traditional food,82,1.37,0.87,17.08,0,,80.4,0.28,84.6,0.88,,,0.44,,17.8,,,,,,,,,,,,,
15047,Chè cốm,Sweets gruel with young rice,Thức ăn truyền thống,Traditional food,80,0.23,0.32,19.04,0,,80.4,0.01,54.2,0.34,,,0.13,,6.1,,,,,,,,,,,,,
15048,Chè đỗ đen,Sweets gruel with black bean,Thức ăn truyền thống,Traditional food,79,1.21,0.26,18.02,0.1,,80.3,0.21,29.2,1.25,,,0.36,,5.1,,,,,,,,,,,,,
15049,Chè đỗ đỏ,Sweets gruel with red bean,Thức ăn truyền thống,Traditional food,77,1.85,0.39,16.51,0.2,,80.7,0.55,57.6,1.92,,,0.43,,15.1,,,,,,,,,,,,,
15050,Chè đỗ xanh,Sweets gruel with mungbean,Thức ăn truyền thống,Traditional food,79,1.35,0.39,17.54,0.1,,80.6,0.12,52.2,0.46,,,0.23,,17.1,,,,,,,,,,,,,
15051,Chè hạt sen,Sweets gruel with lotus seed,Thức ăn truyền thống,Traditional food,75,1.25,0.13,17.12,0.1,,81.3,0.2,81.5,0.68,,,0.45,,13.3,,,,,,,,,,,,,
15052,Chè khoai sọ,Sweets gruel with taro,Thức ăn truyền thống,Traditional food,83,0.78,0.42,19.05,0.1,,79.3,0.45,63.8,0.76,,,0.39,,13.8,,,,,,,,,,,,,
15053,Chè ngô cốm,Sweets gruel with corn and young rice seeds,Thức ăn truyền thống,Traditional food,72,0.35,0.6,16.42,0,,82.5,0.13,109,0.5,,,0.16,,14.1,,,,,,,,,,,,,
15054,Chè sắn,Sweets gruel with Kudzu root,Thức ăn truyền thống,Traditional food,86,0.57,0.73,19.24,0.1,,79.2,0.26,32.3,1.41,,,0.24,,6.7,,,,,,,,,,,,,
15055,Chè Thái,"Sweets gruel, Thailand style",Thức ăn truyền thống,Traditional food,82,0.72,0.51,18.53,0,,80.1,0.14,23.2,2.08,,,0.24,,10.8,,,,,,,,,,,,,
15056,Cơm rang,Fried rice with egg and pork,Thức ăn truyền thống,Traditional food,198,6,9.65,21.85,1,,56.2,6.3,25,1.62,,,0.7,,52.7,,,,,,,,,,,,,
15057,Gà tần,Stewed chicken with medicinal herbs,Thức ăn truyền thống,Traditional food,131,6.7,7.4,9.4,1,,75,1.5,57.4,0.69,,,1.1,,44.4,,,,,,,,,,,,,
15058,Miến lươn,"Vermicelli made of cassava, with eels",Thức ăn truyền thống,Traditional food,73,2.4,2.6,9.92,0.2,,83.9,1.18,30.3,2.97,,,0.44,,35.4,,,,,,,,,,,,,
15059,Miến ngan,"Vermicelli made of cassava, with goose meat",Thức ăn truyền thống,Traditional food,65,2,2.4,8.96,0.6,,85.4,1.24,22.1,1.26,,,0.32,,22.1,,,,,,,,,,,,,
15060,Mỳ vằn thắn,Wonton soup,Thức ăn truyền thống,Traditional food,81,2.6,3.1,10.58,0.2,,82.5,1.22,29.9,1.94,,,0.37,,31.4,,,,,,,,,,,,,
15061,Mỳ xào,"Instant noodle, fried with vegetable and meat",Thức ăn truyền thống,Traditional food,139,5.7,7,13.41,0.9,,72.7,1.19,58.7,3.72,,,0.53,,36,,,,,,,,,,,,,
15062,Nem lụi,"Roll pork meat, grilled",Thức ăn truyền thống,Traditional food,183,6.7,13.3,9.07,0.9,,69.5,1.43,91.2,1.81,,,0.77,,58,,,,,,,,,,,,,
15063,Nem rán,"Spring roll, fried",Thức ăn truyền thống,Traditional food,145,4.5,7.7,14.42,1.3,,71.5,1.88,67.6,1.99,,,0.57,,28.7,,,,,,,,,,,,,
15064,Nộm tai lợn,Pork ear salad,Thức ăn truyền thống,Traditional food,119,6.6,6.3,8.85,1.3,,76.7,1.55,57.1,1.02,,,0.57,,11.9,,,,,,,,,,,,,
15065,Phở bò chín,"Rice noodle with beef, cooked",Thức ăn truyền thống,Traditional food,73,5.2,0.9,11.1,0.3,,81.7,1.1,98.8,0.92,,,1.28,,33.4,,,,,,,,,,,,,
15066,Phở bò tái,"Rice noodle with beef, rare",Thức ăn truyền thống,Traditional food,67,4.3,0.3,11.8,0.2,,82.7,0.9,81.5,0.56,,,0.64,,27.5,,,,,,,,,,,,,
15067,Phở gà,Rice noodle with chicken,Thức ăn truyền thống,Traditional food,73,3.8,1,12.3,0.6,,81.9,1,95.7,0.65,,,0.38,,25.2,,,,,,,,,,,,,
15068,Thịt xiên nướng,"Pork meat, grilled",Thức ăn truyền thống,Traditional food,322,26.5,23.8,0.54,0.5,,46.7,2.46,140.3,7.88,,,2.66,,62.1,,,,,,,,,,,,,
15069,Xôi đỗ xanh,"Sticky rice with mungbean, cooked",Thức ăn truyền thống,Traditional food,230,5.5,0.4,51,1.3,,42.4,0.7,54.3,0.51,,,0.98,,109.9,,,,,,,,,,,,,
15070,Xôi gấc,"Sticky rice with Gac fruit, cooked",Thức ăn truyền thống,Traditional food,231,3.1,0.8,52.9,0.1,,42.8,0.4,23.6,0.28,,,1.18,,23,,,,,,,,,,,,,
15071,Xôi lạc,"Sticky rice with peanut, cooked",Thức ăn truyền thống,Traditional food,246,4.2,4.3,47.5,1.1,,43.6,0.4,33.3,0.32,,,1.04,,96.9,,,,,,,,,,,,,
15072,Xôi ngô,"Sticky rice with corn, cooked",Thức ăn truyền thống,Traditional food,198,4.4,4,36,1.2,,54.6,1,31.2,0.21,,,1.2,,177.6,,,,,,,,,,,,,
15073,Xôi xéo,"Sticky rice with mungbean paste, cooked",Thức ăn truyền thống,Traditional food,254,4.3,3.7,50.9,0.4,,40.3,0.8,27.5,0.4,,,0.88,,67.6,,,,,,,,,,,,,
15074,Muối vừng,,Thức ăn truyền thống,Traditional food,1,18.11,32.65,13.77,2.05,,4.61,,534.56,4.59,13785.2,326.77,2.79,,,,,,,,,,,,,,,
15075,Cháo dinh dưỡng thịt bò,,Thức ăn truyền thống,Traditional food,47,1.84,1.5,6.63,,,,,13.71,,,,,,,,,,,,,,,,,,,
15076,Cháo dinh dưỡng tôm,,Thức ăn truyền thống,Traditional food,47,1.84,1.5,6.63,,,,,13.71,,,,,,,,,,,,,,,,,,,
15077,Bánh dày,,Thức ăn truyền thống,Traditional food,156,3.3,3.1,28.71,0.38,,64.7,,12.2,0.78,,,0.32,,,,,,,,,,,,,,,
15078,Xôi đỗ đen,,Thức ăn truyền thống,Traditional food,230,5.5,0.4,51,0.7,54.3,42.4,0.7,109.9,,,,,,0.51,,0.98,,,,,,,,,,,
