recipe_id_a,recipe_id_b,normalized_name_a,normalized_name_b,decision,reason,final_canonical_recipe_id_a,final_canonical_recipe_id_b
05f225fd-17bd-47d4-9352-1ba052a4c57b,aa9a4752-ccb4-482c-9d45-c5edd8691b4d,bún bò,bún bò (phiên bản nhà làm),approved,Business review: equivalent dish names under current canonical-dish granularity.,05f225fd-17bd-47d4-9352-1ba052a4c57b,05f225fd-17bd-47d4-9352-1ba052a4c57b
09eb35ab-bf18-4158-bdcb-61629ad5acb2,7c716f33-c267-4721-9042-676b0695c314,canh sườn non nấu khoai mỡ,canh khoai mỡ nấu sườn non,approved,Business review: equivalent dish names under current canonical-dish granularity.,7c716f33-c267-4721-9042-676b0695c314,7c716f33-c267-4721-9042-676b0695c314
0b96afae-1449-4b59-9c36-f5c05a44f684,f605dcc1-ff3b-4cf5-97e2-82d21fe4849e,salad bò-đậu rồng,salad bò đậu rồng,approved,Business review: equivalent dish names under current canonical-dish granularity.,0b96afae-1449-4b59-9c36-f5c05a44f684,0b96afae-1449-4b59-9c36-f5c05a44f684
0dea63a8-4716-467c-9828-b3e0b89cb203,c7d87b27-5a4e-4330-80ba-b1e212b3b4f2,đậu cove xào thịt bò,thịt bò xào đậu cove,approved,Business review: equivalent dish names under current canonical-dish granularity.,0dea63a8-4716-467c-9828-b3e0b89cb203,0dea63a8-4716-467c-9828-b3e0b89cb203
18aee701-a1b2-44bf-ad18-922df20768c8,952fd298-d64f-4bc3-9c0e-dc5e05fed692,thịt ba chỉ kho măng,măng kho thịt ba chỉ,approved,Business review: equivalent dish names under current canonical-dish granularity.,18aee701-a1b2-44bf-ad18-922df20768c8,18aee701-a1b2-44bf-ad18-922df20768c8
274d7a0b-c529-4fd9-b08a-06dc220e75a2,7d27d3b9-2a48-488f-867c-5ddfa7a69099,cá kho riềng (kiểu miền bắc),cá kho riềng,approved,Business review: equivalent dish names under current canonical-dish granularity.,274d7a0b-c529-4fd9-b08a-06dc220e75a2,274d7a0b-c529-4fd9-b08a-06dc220e75a2
3004479f-afd7-4964-9648-2babd45dc7f6,7aa4feae-2eff-4141-b0be-97b5664b4f42,mì trộn gyoza,gyoza mì trộn,approved,Business review: equivalent dish names under current canonical-dish granularity.,3004479f-afd7-4964-9648-2babd45dc7f6,3004479f-afd7-4964-9648-2babd45dc7f6
30f3b3ef-c37a-46dd-a80b-e42d2125e4f4,b91ed423-2ed7-4c65-b976-cf1ffa4c88fd,bánh ram ít huế,bánh ít ram huế,approved,Business review: equivalent dish names under current canonical-dish granularity.,30f3b3ef-c37a-46dd-a80b-e42d2125e4f4,30f3b3ef-c37a-46dd-a80b-e42d2125e4f4
329ea13f-bd94-4769-937f-357358a9f211,faf9d25c-c546-4f74-a856-1cdb38bce1ab,cần tây xào thịt bò,thịt bò xào cần tây,approved,Business review: equivalent dish names under current canonical-dish granularity.,329ea13f-bd94-4769-937f-357358a9f211,329ea13f-bd94-4769-937f-357358a9f211
3aa44973-0694-49eb-9884-aafcd1277ed2,596a27d9-f9da-432d-8df6-585863060022,măng kho ba rọi,ba rọi kho măng,approved,Business review: equivalent dish names under current canonical-dish granularity.,3aa44973-0694-49eb-9884-aafcd1277ed2,3aa44973-0694-49eb-9884-aafcd1277ed2
3aaae5d6-b601-4bce-be3c-752762f89640,3e29ddff-c4e4-41c9-b585-b7c181eeb92a,củ sen hầm chân giò,chân giò hầm củ sen,approved,Business review: equivalent dish names under current canonical-dish granularity.,3aaae5d6-b601-4bce-be3c-752762f89640,3aaae5d6-b601-4bce-be3c-752762f89640
3f8ae57b-68e4-4c14-975e-91e28a6302e9,ccac0135-8bd4-4b49-b5f2-22d8e1228a9a,canh cải cúc nấu thịt băm,canh cải cúc (tần ô) nấu thịt băm,approved,Business review: equivalent dish names under current canonical-dish granularity.,3f8ae57b-68e4-4c14-975e-91e28a6302e9,3f8ae57b-68e4-4c14-975e-91e28a6302e9
47d8d0d4-e9ec-4472-93fa-bf86fbe12861,77260cee-2908-4850-960e-b684624f9d47,canh cải chua sườn non,canh sườn non cải chua,approved,Business review: equivalent dish names under current canonical-dish granularity.,59084284-f8dd-47e4-8bbc-69a370a6cd50,59084284-f8dd-47e4-8bbc-69a370a6cd50
49f9b24f-b8a4-4dd8-bd93-30a00498cfd9,5feb2476-a602-4e85-9649-40948d31ab0e,canh đu đủ chân giò,canh chân giò đu đủ,approved,Business review: equivalent dish names under current canonical-dish granularity.,49f9b24f-b8a4-4dd8-bd93-30a00498cfd9,49f9b24f-b8a4-4dd8-bd93-30a00498cfd9
4f862511-a043-4ff4-a863-716fc0131d11,bdc81835-75a2-48dd-89a5-c7c6b97b3be3,măng xào thịt bò,thịt bò xào măng,approved,Business review: equivalent dish names under current canonical-dish granularity.,bdc81835-75a2-48dd-89a5-c7c6b97b3be3,bdc81835-75a2-48dd-89a5-c7c6b97b3be3
5bc89779-35b4-491e-8247-c72a186d4ff7,b9b0d0ec-adc6-4cfe-9c54-c5fb069de659,chân giò hầm hàn quốc,chân giò hầm hàn quốc (jokbal),approved,Business review: equivalent dish names under current canonical-dish granularity.,b9b0d0ec-adc6-4cfe-9c54-c5fb069de659,b9b0d0ec-adc6-4cfe-9c54-c5fb069de659
5ead8518-063f-4eae-8ec7-a4d6308e60f1,dee84f1f-5506-4a41-83d9-a706bf16eac1,giò heo hầm măng,măng hầm giò heo,approved,Business review: equivalent dish names under current canonical-dish granularity.,5ead8518-063f-4eae-8ec7-a4d6308e60f1,5ead8518-063f-4eae-8ec7-a4d6308e60f1
676e4a43-1ea7-450c-80f9-fa7262ba68e9,7d31961f-22a2-47cd-ae6e-396b2d2ce360,canh khoai sọ rau muống,canh rau muống khoai sọ,approved,Business review: equivalent dish names under current canonical-dish granularity.,7d31961f-22a2-47cd-ae6e-396b2d2ce360,7d31961f-22a2-47cd-ae6e-396b2d2ce360
68f27d2e-eeec-4dc4-8a04-dfd278f6602c,87cc45cc-2928-4396-b913-19e436320f3c,kho quẹt tôm khô,tôm khô kho quẹt,approved,Business review: equivalent dish names under current canonical-dish granularity.,87cc45cc-2928-4396-b913-19e436320f3c,87cc45cc-2928-4396-b913-19e436320f3c
7a29697d-bab2-47b1-a4eb-6a84834d4c90,b5b6a480-6f64-4ae3-b994-41b0568aa8af,tôm rang thịt ba chỉ,thịt ba chỉ rang tôm,approved,Business review: equivalent dish names under current canonical-dish granularity.,7a29697d-bab2-47b1-a4eb-6a84834d4c90,7a29697d-bab2-47b1-a4eb-6a84834d4c90
85239c1e-d1ce-40ba-8e9c-8d6fac9f1d39,86f66ac8-faaa-4f77-bce0-d293cc72f7e2,canh khoai tây xương hầm,canh xương hầm khoai tây,approved,Business review: equivalent dish names under current canonical-dish granularity.,86f66ac8-faaa-4f77-bce0-d293cc72f7e2,86f66ac8-faaa-4f77-bce0-d293cc72f7e2
90b1faec-e2cf-4e3d-a9e6-087a5d797d2b,af0d4d96-5361-411a-a974-b0241c119189,thịt heo rừng xào cải chua,cải chua xào thịt heo rừng,approved,Business review: equivalent dish names under current canonical-dish granularity.,af0d4d96-5361-411a-a974-b0241c119189,af0d4d96-5361-411a-a974-b0241c119189
9284fb5b-d3fa-42bc-91f9-817fcd4cfb3f,cf066500-9078-4666-9689-815d968ffb46,mì trứng tôm thịt heo,mì tôm trứng thịt heo,rejected,Word order changes the likely noodle type; lexical false positive.,9284fb5b-d3fa-42bc-91f9-817fcd4cfb3f,cf066500-9078-4666-9689-815d968ffb46
9895807c-57d4-454c-a4cb-8f72ad5c23f2,c7817bd6-6507-465d-bdf4-6c02d3df8c47,cháo khoai lang tím thịt heo,cháo thịt heo khoai lang tím,approved,Business review: equivalent dish names under current canonical-dish granularity.,c7817bd6-6507-465d-bdf4-6c02d3df8c47,c7817bd6-6507-465d-bdf4-6c02d3df8c47
9faf9fda-336b-4ddf-b781-b40a161fcc77,e99d3120-4201-4da9-b7d2-4e5a6d1db2f4,bò xào măng tây,măng tây xào bò,approved,Business review: equivalent dish names under current canonical-dish granularity.,9faf9fda-336b-4ddf-b781-b40a161fcc77,9faf9fda-336b-4ddf-b781-b40a161fcc77
a325559b-105b-4ad2-bd73-a1ef42ee6bee,dc8517c7-668b-4f53-9900-af733ccf069c,bò xào đậu rồng,đậu rồng xào bò,approved,Business review: equivalent dish names under current canonical-dish granularity.,dc8517c7-668b-4f53-9900-af733ccf069c,dc8517c7-668b-4f53-9900-af733ccf069c
a6fd4bf3-da56-4d9b-afa2-78a10e4e9d15,fd9a18e2-06c4-49fa-888f-698f488e3270,thịt cốt lết ram,thịt cốt lết (cutlet) ram,approved,Business review: equivalent dish names under current canonical-dish granularity.,fd9a18e2-06c4-49fa-888f-698f488e3270,fd9a18e2-06c4-49fa-888f-698f488e3270
a814e702-3746-4192-a50e-091415aaa481,cc10614c-9d4c-4cea-9e55-9bf8e364c505,canh cà chua thịt bò,canh thịt bò cà chua,approved,Business review: equivalent dish names under current canonical-dish granularity.,cc10614c-9d4c-4cea-9e55-9bf8e364c505,cc10614c-9d4c-4cea-9e55-9bf8e364c505
afb417dd-112b-4000-bc86-a6279ea1a02a,f12fb7c8-88c1-4b7e-a5f4-cb781f8f3c1b,thịt bò xào cải thìa,cải thìa xào thịt bò,approved,Business review: equivalent dish names under current canonical-dish granularity.,afb417dd-112b-4000-bc86-a6279ea1a02a,afb417dd-112b-4000-bc86-a6279ea1a02a
b36c1f0d-c86a-45b0-91dc-d2083a064662,b674691a-974f-47cf-abb8-0d6fa96ba5e4,canh đu đủ hầm giò heo,canh giò heo hầm đu đủ,approved,Business review: equivalent dish names under current canonical-dish granularity.,b674691a-974f-47cf-abb8-0d6fa96ba5e4,b674691a-974f-47cf-abb8-0d6fa96ba5e4
c87eade8-b9bd-419b-9d31-f407c34d10b7,f351e7b3-cc67-45ae-b4f3-968ad6541be1,thịt heo xào dưa cải chua,dưa cải chua xào thịt heo,approved,Business review: equivalent dish names under current canonical-dish granularity.,c87eade8-b9bd-419b-9d31-f407c34d10b7,c87eade8-b9bd-419b-9d31-f407c34d10b7
dd1a4165-83eb-4c5c-a84a-b4d783965fb0,e927d85e-ec65-4a2e-a8de-61b759de59e1,"thịt heo kho tiêu, nhanh gọn",thịt heo kho tiêu,approved,Business review: equivalent dish names under current canonical-dish granularity.,e927d85e-ec65-4a2e-a8de-61b759de59e1,e927d85e-ec65-4a2e-a8de-61b759de59e1
