recipe_id_a,recipe_id_b,original_name_a,original_name_b,normalized_name_a,normalized_name_b,lexical_name_a,lexical_name_b,source_url_a,source_url_b,rules,generation_reason,review_status,token_jaccard,token_containment,containment_relation,edit_distance,edit_similarity,tokens_only_a,tokens_only_b,removed_parenthetical_a,removed_parenthetical_b,removed_suffix_a,removed_suffix_b,ingredient_count_a,ingredient_count_b,ingredient_jaccard,shared_ingredient_names,ingredient_names_only_a,ingredient_names_only_b,review_cautions
05f225fd-17bd-47d4-9352-1ba052a4c57b,aa9a4752-ccb4-482c-9d45-c5edd8691b4d,Bún bò,Bún bò (phiên bản nhà làm),bún bò,bún bò (phiên bản nhà làm),bún bò,bún bò phiên bản nhà làm,https://cookpad.com/vn/cong-thuc/17118776,https://cookpad.com/vn/cong-thuc/17181310,parenthetical_base_equal;descriptive_suffix_equal,parenthetical_base_equal; descriptive_suffix_equal,unreviewed_candidate_only,0.333333,1.000000,a_tokens_contained_in_b,18,0.250000,[],"[""bản"", ""làm"", ""nhà"", ""phiên""]",[],"[""phiên bản nhà làm""]",,phiên bản nhà làm,9,16,0.190476,"[""gừng"", ""hành tây"", ""sả"", ""tỏi""]","[""dầu điều"", ""nước mắm tôm"", ""thịt bắp bò"", ""xương heo xương giò heo"", ""ớt cay""]","[""bò"", ""bún"", ""chân giò"", ""gốc ngò rí"", ""hành tím"", ""hạt mùi"", ""hạt nêm"", ""hồi"", ""muối"", ""nước mắm tôm dầu điều"", ""phở bò hoặc quế"", ""đường phèn""]",parenthetical wording may specify a meaningful variant; suffix may encode audience or preparation differences; low ingredient-name overlap (<0.25); inspect source recipes
09eb35ab-bf18-4158-bdcb-61629ad5acb2,7c716f33-c267-4721-9042-676b0695c314,Canh sườn non nấu khoai mỡ,Canh Khoai Mỡ Nấu Sườn Non,canh sườn non nấu khoai mỡ,canh khoai mỡ nấu sườn non,canh sườn non nấu khoai mỡ,canh khoai mỡ nấu sườn non,https://cookpad.com/vn/cong-thuc/22673223,https://cookpad.com/vn/cong-thuc/25199214,token_reorder,token_reorder,unreviewed_candidate_only,1.000000,1.000000,equal_token_sets,16,0.384615,[],[],[],[],,,8,8,0.066667,"[""hành lá""]","[""cu khoai mơ"", ""ha t nêm"", ""muô i"", ""ngò gai"", ""ngò ri"", ""sươ n non"", ""tiêu""]","[""hành tím"", ""khoai mỡ"", ""muối"", ""mì chính"", ""ngò rí"", ""sườn non"", ""tiêu xay""]",word order can change ingredient roles; low ingredient-name overlap (<0.25); inspect source recipes
0b96afae-1449-4b59-9c36-f5c05a44f684,f605dcc1-ff3b-4cf5-97e2-82d21fe4849e,Salad BÒ-ĐẬU RỒNG,Salad bò đậu rồng,salad bò-đậu rồng,salad bò đậu rồng,salad bò đậu rồng,salad bò đậu rồng,https://cookpad.com/vn/cong-thuc/25211754,https://monngonmoingay.com/salad-bo-dau-rong/,punctuation_equal,punctuation_equal,unreviewed_candidate_only,1.000000,1.000000,equal_token_sets,0,1.000000,[],[],[],[],,,13,20,0.100000,"[""hạt điều"", ""mì chính"", ""tiêu""]","[""cà chua"", ""dầu hào"", ""dầu ăn"", ""hạt nêm"", ""rau đắng"", ""sốt mè"", ""thịt bò thăn"", ""trứng gà"", ""tỏi"", ""đậu rồng""]","[""cà chua 1"", ""dầu"", ""dầu hào 1"", ""dầu hào ajinomoto"", ""dầu ăn 1"", ""hạt nêm heo"", ""hạt nêm heo 1 2"", ""mì chính 1 2"", ""ngò rí"", ""nước tương phú sĩ"", ""thịt bò"", ""tỏi củ tỏi tím"", ""xà lách carol"", ""xốt mè aji xốt"", ""xốt mè aji xốt 4"", ""đậu rồng non"", ""ớt chuông vàng""]",low ingredient-name overlap (<0.25); inspect source recipes
0dea63a8-4716-467c-9828-b3e0b89cb203,c7d87b27-5a4e-4330-80ba-b1e212b3b4f2,Đậu cove xào thịt bò,Thịt Bò Xào Đậu Cove,đậu cove xào thịt bò,thịt bò xào đậu cove,đậu cove xào thịt bò,thịt bò xào đậu cove,https://cookpad.com/vn/cong-thuc/23918874,https://monngonmoingay.com/thit-bo-xao-dau-cove-2/,token_reorder,token_reorder,unreviewed_candidate_only,1.000000,1.000000,equal_token_sets,16,0.200000,[],[],[],[],,,5,9,0.076923,"[""đậu cove""]","[""hành lá"", ""rau mùi"", ""thịt bò"", ""tỏi""]","[""cần ta"", ""hành tây"", ""hành tím tỏi"", ""hạt nêm heo"", ""nước tương phú sĩ"", ""thịt bò phi lê"", ""tiêu dầu ăn"", ""ớt sừng""]",word order can change ingredient roles; low ingredient-name overlap (<0.25); inspect source recipes
18aee701-a1b2-44bf-ad18-922df20768c8,952fd298-d64f-4bc3-9c0e-dc5e05fed692,Thịt ba chỉ kho măng,Măng Kho Thịt Ba Chỉ,thịt ba chỉ kho măng,măng kho thịt ba chỉ,thịt ba chỉ kho măng,măng kho thịt ba chỉ,https://cookpad.com/vn/cong-thuc/17103047,https://cookpad.com/vn/cong-thuc/25362062,token_reorder,token_reorder,unreviewed_candidate_only,1.000000,1.000000,equal_token_sets,17,0.150000,[],[],[],[],,,10,8,0.200000,"[""hành lá"", ""nước nước mắm"", ""thịt ba chỉ""]","[""dầu hào"", ""măng tre"", ""tiêu"", ""tương ớt mì chính"", ""tỏi"", ""đường"", ""ớt""]","[""dầu ăn"", ""hành tím"", ""măng khô đã sơ chế"", ""nước dừa tươi"", ""tiêu xay""]",word order can change ingredient roles; low ingredient-name overlap (<0.25); inspect source recipes
274d7a0b-c529-4fd9-b08a-06dc220e75a2,7d27d3b9-2a48-488f-867c-5ddfa7a69099,Cá kho riềng (Kiểu miền Bắc),Cá kho riềng,cá kho riềng (kiểu miền bắc),cá kho riềng,cá kho riềng kiểu miền bắc,cá kho riềng,https://cookpad.com/vn/cong-thuc/25411434,https://www.dienmayxanh.com/vao-bep/cach-nau-ca-kho-rieng-dam-da-chac-thit-chuan-vi-mien-bac-voi-23079,parenthetical_base_equal,parenthetical_base_equal,unreviewed_candidate_only,0.500000,1.000000,b_tokens_contained_in_a,14,0.461538,"[""bắc"", ""kiểu"", ""miền""]",[],"[""kiểu miền bắc""]",[],,,8,6,0.076923,"[""thịt ba chỉ""]","[""cá trắm"", ""gừng"", ""hành khô"", ""riềng"", ""sả"", ""trà xanh"", ""ớt""]","[""cá trắm đen"", ""khế chua"", ""riềng bánh tẻ"", ""riềng giã nát"", ""ớt cay""]",parenthetical wording may specify a meaningful variant; low ingredient-name overlap (<0.25); inspect source recipes
3004479f-afd7-4964-9648-2babd45dc7f6,7aa4feae-2eff-4141-b0be-97b5664b4f42,MÌ TRỘN GYOZA,GYOZA MÌ TRỘN,mì trộn gyoza,gyoza mì trộn,mì trộn gyoza,gyoza mì trộn,https://monngonmoingay.com/mi-tron-gyoza/,https://monngonmoingay.com/gyoza-mi-tron/,token_reorder,token_reorder,unreviewed_candidate_only,1.000000,1.000000,equal_token_sets,12,0.076923,[],[],[],[],,,14,23,0.233333,"[""ajinomoto giấm gạo lên men"", ""cải thìa"", ""dầu hào ajinomoto"", ""mì chính"", ""nước tương phú sĩ"", ""tương ớt"", ""đường""]","[""bánh xếp kiểu nhật gyoza dùng nồi chiên không dầu"", ""bánh xếp kiểu nhật gyoza dùng nồi chiên không dầu nhân thịt gà và rau"", ""hành phi"", ""hành tím"", ""mì"", ""mỡ heo"", ""tỏi""]","[""bánh xếp kiểu nhật gyoza"", ""bánh xếp kiểu nhật gyoza 1 gói 6 cái"", ""dầu hào 1"", ""dầu mè"", ""dầu ăn"", ""giam gạo"", ""hạt nêm"", ""mì chính 1 2"", ""mì tươi mềm"", ""mỡ ba chỉ 1"", ""nước mỡ"", ""nước tương 1"", ""tôm sú chừa đuôi"", ""tương ớt 2"", ""xả sạch"", ""đường 1""]",word order can change ingredient roles; low ingredient-name overlap (<0.25); inspect source recipes
30f3b3ef-c37a-46dd-a80b-e42d2125e4f4,b91ed423-2ed7-4c65-b976-cf1ffa4c88fd,Bánh ram ít Huế,Bánh Ít Ram Huế,bánh ram ít huế,bánh ít ram huế,bánh ram ít huế,bánh ít ram huế,https://www.dienmayxanh.com/vao-bep/cach-lam-banh-ram-it-hue-chuan-vi-thom-ngon-don-gian-tai-nha-07596,https://cookpad.com/vn/cong-thuc/25850055,token_reorder,token_reorder,unreviewed_candidate_only,1.000000,1.000000,equal_token_sets,6,0.600000,[],[],[],[],,,12,5,0.000000,[],"[""bột gạo"", ""bột nếp"", ""cà rốt"", ""dầu hào"", ""hành tím"", ""khô"", ""lòng trắng trứng"", ""mộc nhĩ"", ""nước cốt dừa"", ""nước nước mắm"", ""thịt nạc vai"", ""tôm tươi""]","[""bột"", ""hành lá"", ""nước sôi"", ""thịt ba chỉ heo cắt nhỏ"", ""tôm tươi chín xong chia làm 2 phần""]",word order can change ingredient roles; low ingredient-name overlap (<0.25); inspect source recipes
329ea13f-bd94-4769-937f-357358a9f211,faf9d25c-c546-4f74-a856-1cdb38bce1ab,Cần tây xào thịt bò,Thịt bò xào cần tây,cần tây xào thịt bò,thịt bò xào cần tây,cần tây xào thịt bò,thịt bò xào cần tây,https://cookpad.com/vn/cong-thuc/17268801,https://cookpad.com/vn/cong-thuc/22662327,token_reorder,token_reorder,unreviewed_candidate_only,1.000000,1.000000,equal_token_sets,14,0.263158,[],[],[],[],,,5,10,0.363636,"[""cần tây"", ""hạt nêm"", ""thịt bò"", ""tỏi""]","[""mì chính""]","[""dầu hào"", ""dầu ăn"", ""hành tây"", ""nước nước mắm"", ""đường"", ""ớt chuông đỏ""]",word order can change ingredient roles
3aa44973-0694-49eb-9884-aafcd1277ed2,596a27d9-f9da-432d-8df6-585863060022,Măng kho ba rọi,Ba rọi kho măng,măng kho ba rọi,ba rọi kho măng,măng kho ba rọi,ba rọi kho măng,https://cookpad.com/vn/cong-thuc/16034501,https://monngonmoingay.com/ba-roi-kho-mang/,token_reorder,token_reorder,unreviewed_candidate_only,1.000000,1.000000,equal_token_sets,12,0.200000,[],[],[],[],,,4,15,0.000000,[],"[""ba chỉ"", ""hành tỏi khô"", ""măng"", ""ớt""]","[""dâ u ăn"", ""dâ u điê u"", ""ha nh la nha nh"", ""ha nh ti m"", ""mì chính"", ""măng luô c"", ""nươ c mă m"", ""thi t ba ro i"", ""tiêu"", ""to i"", ""trư ng cu t luô c qua"", ""ăn kèm dưa leo cơm tră ng"", ""đâ u hũ bi chiên"", ""đường"", ""ơ t sư ng qua""]",word order can change ingredient roles; low ingredient-name overlap (<0.25); inspect source recipes
3aaae5d6-b601-4bce-be3c-752762f89640,3e29ddff-c4e4-41c9-b585-b7c181eeb92a,Củ sen hầm chân giò,Chân giò hầm củ sen,củ sen hầm chân giò,chân giò hầm củ sen,củ sen hầm chân giò,chân giò hầm củ sen,https://cookpad.com/vn/cong-thuc/25188305,https://cookpad.com/vn/cong-thuc/16543804,token_reorder,token_reorder,unreviewed_candidate_only,1.000000,1.000000,equal_token_sets,12,0.368421,[],[],[],[],,,9,4,0.000000,[],"[""1 phần chân giò"", ""cà rốt"", ""hành lá ngò rí"", ""hạt nêm"", ""muối"", ""mì chính"", ""nước lọc"", ""sen tươi"", ""đường""]","[""giò heo"", ""sen"", ""táo khô"", ""đậu phộng""]",word order can change ingredient roles; low ingredient-name overlap (<0.25); inspect source recipes
3f8ae57b-68e4-4c14-975e-91e28a6302e9,ccac0135-8bd4-4b49-b5f2-22d8e1228a9a,Canh cải cúc nấu thịt băm,Canh cải cúc (tần ô) nấu thịt băm,canh cải cúc nấu thịt băm,canh cải cúc (tần ô) nấu thịt băm,canh cải cúc nấu thịt băm,canh cải cúc tần ô nấu thịt băm,https://cookpad.com/vn/cong-thuc/25606782,https://www.dienmayxanh.com/vao-bep/cach-nau-canh-cai-cuc-tan-o-thit-bam-thanh-mat-ngon-mieng-hao-10293,parenthetical_base_equal,parenthetical_base_equal,unreviewed_candidate_only,0.750000,1.000000,a_tokens_contained_in_b,6,0.806452,[],"[""tần"", ""ô""]",[],"[""tần ô""]",,,2,6,0.000000,[],"[""cải cúc tần ô"", ""thịt nạc""]","[""cải cúc"", ""dầu ăn"", ""hành lá"", ""ngò rí"", ""nước nước mắm"", ""thịt""]",parenthetical wording may specify a meaningful variant; low ingredient-name overlap (<0.25); inspect source recipes
47d8d0d4-e9ec-4472-93fa-bf86fbe12861,77260cee-2908-4850-960e-b684624f9d47,Canh cải chua sườn non,Canh sườn non cải chua,canh cải chua sườn non,canh sườn non cải chua,canh cải chua sườn non,canh sườn non cải chua,https://www.dienmayxanh.com/vao-bep/2-cach-nau-canh-dua-chua-suon-heo-va-thit-heo-thom-ngon-don-04583,https://cookpad.com/vn/cong-thuc/15191489,token_reorder,token_reorder,unreviewed_candidate_only,1.000000,1.000000,equal_token_sets,16,0.272727,[],[],[],[],,,15,9,0.000000,[],"[""cà chua"", ""cải chua"", ""dầu ăn"", ""hành lá"", ""hành tím"", ""muối"", ""mì chính"", ""ngò"", ""nước lọc"", ""nước nước mắm"", ""rau thì là"", ""sườn non"", ""thịt heo"", ""tiêu"", ""đường""]","[""ca i chua"", ""dâ u ăn"", ""ha nh la ngo ri"", ""ha t nêm"", ""muô i"", ""nươ c mă m"", ""sươ n non"", ""tra i ca chua"", ""đươ ng""]",word order can change ingredient roles; low ingredient-name overlap (<0.25); inspect source recipes
49f9b24f-b8a4-4dd8-bd93-30a00498cfd9,5feb2476-a602-4e85-9649-40948d31ab0e,Canh đu đủ chân giò,Canh Chân Giò Đu Đủ,canh đu đủ chân giò,canh chân giò đu đủ,canh đu đủ chân giò,canh chân giò đu đủ,https://www.dienmayxanh.com/vao-bep/cach-nau-canh-du-du-ham-chan-gio-heo-bo-duong-chuan-vi-com-12375,https://cookpad.com/vn/cong-thuc/13759519,token_reorder,token_reorder,unreviewed_candidate_only,1.000000,1.000000,equal_token_sets,12,0.368421,[],[],[],[],,,4,8,0.333333,"[""hành lá"", ""ngò rí"", ""đu đủ""]","[""giò heo""]","[""cf muối hồng"", ""chân giò heo"", ""hạt nêm"", ""tô nước lạnh"", ""đường phèn""]",word order can change ingredient roles
4f862511-a043-4ff4-a863-716fc0131d11,bdc81835-75a2-48dd-89a5-c7c6b97b3be3,Măng Xào Thịt Bò,Thịt Bò Xào Măng,măng xào thịt bò,thịt bò xào măng,măng xào thịt bò,thịt bò xào măng,https://cookpad.com/vn/cong-thuc/17154258,https://cookpad.com/vn/cong-thuc/24881406,token_reorder,token_reorder,unreviewed_candidate_only,1.000000,1.000000,equal_token_sets,14,0.125000,[],[],[],[],,,11,9,0.052632,"[""thịt bò""]","[""hành khô"", ""mùi tàu"", ""măng tươi"", ""mỡ"", ""mỡ và tóp mỡ"", ""nước nước mắm"", ""tỏi bằm nhỏ"", ""vài chiếc lá mướp"", ""xíu tiêu"", ""đường""]","[""dầu hào"", ""hành lá"", ""muối"", ""măng tươi đã chín"", ""mỡ heo"", ""ngò rí"", ""tiêu xay"", ""tỏi""]",word order can change ingredient roles; low ingredient-name overlap (<0.25); inspect source recipes
5bc89779-35b4-491e-8247-c72a186d4ff7,b9b0d0ec-adc6-4cfe-9c54-c5fb069de659,Chân giò hầm Hàn Quốc,Chân giò hầm Hàn Quốc (Jokbal),chân giò hầm hàn quốc,chân giò hầm hàn quốc (jokbal),chân giò hầm hàn quốc,chân giò hầm hàn quốc jokbal,https://cookpad.com/vn/cong-thuc/25618050,https://www.dienmayxanh.com/vao-bep/cach-lam-chan-gio-ham-han-quoc-jokbal-mem-ngon-chuan-vi-cuc-24095,parenthetical_base_equal,parenthetical_base_equal,unreviewed_candidate_only,0.833333,1.000000,a_tokens_contained_in_b,7,0.750000,[],"[""jokbal""]",[],"[""jokbal""]",,,44,10,0.038462,"[""nước tương"", ""đường nâu""]","[""bột ớt hq"", ""chân giò heo lớn"", ""coca or 7up"", ""cà phê đen hoà tan"", ""cải thảo"", ""dấm"", ""dầu mè"", ""dầu mè và hạt mè"", ""gừng"", ""gừng đã gọt vỏ"", ""hoa hồi to"", ""hành baro xắt khúc"", ""hành lá"", ""hành tây xắt khúc"", ""hạt mè"", ""hạt mè đập giập"", ""hạt tiêu đen nguyên hạt"", ""kim chi"", ""lá vừng hq"", ""lát tỏi thái"", ""muối"", ""mè"", ""mật ong"", ""nước"", ""nước thịt"", ""rượu nấu ăn mirin"", ""siro gạo"", ""thanh quế"", ""tiêu xay"", ""táo thái miếng"", ""táo tàu"", ""tôm muối lên men"", ""tương trộn ssamjang"", ""tương đậu"", ""tương đậu lên men hq"", ""tương ớt gochujang"", ""tỏi"", ""tỏi hành lá"", ""tỏi xay"", ""tỏi ớt"", ""xà lách"", ""đường""]","[""chân giò heo"", ""giấm"", ""hành tím"", ""làm nước chấm"", ""muối tinh"", ""mạch nha"", ""rượu mirin"", ""tương đậu nành doenjang""]",parenthetical wording may specify a meaningful variant; low ingredient-name overlap (<0.25); inspect source recipes
5ead8518-063f-4eae-8ec7-a4d6308e60f1,dee84f1f-5506-4a41-83d9-a706bf16eac1,Giò heo hầm măng,Măng hầm giò heo,giò heo hầm măng,măng hầm giò heo,giò heo hầm măng,măng hầm giò heo,https://cookpad.com/vn/cong-thuc/15109526,https://cookpad.com/vn/cong-thuc/16730157,token_reorder,token_reorder,unreviewed_candidate_only,1.000000,1.000000,equal_token_sets,13,0.187500,[],[],[],[],,,4,11,0.071429,"[""tiêu""]","[""giò heo"", ""hành"", ""măng tươi""]","[""dầu ăn"", ""giò heo gân"", ""hành lá"", ""hành tím"", ""hạt nêm"", ""mì chính"", ""măng khô"", ""ngò rí"", ""nước mắm ruốc"", ""nước nước mắm""]",word order can change ingredient roles; low ingredient-name overlap (<0.25); inspect source recipes
676e4a43-1ea7-450c-80f9-fa7262ba68e9,7d31961f-22a2-47cd-ae6e-396b2d2ce360,Canh khoai sọ rau muống,Canh rau muống khoai sọ,canh khoai sọ rau muống,canh rau muống khoai sọ,canh khoai sọ rau muống,canh rau muống khoai sọ,https://www.dienmayxanh.com/vao-bep/cach-nau-canh-khoai-so-rau-muong-bui-ngay-ngot-thanh-an-khong-09013,https://monngonmoingay.com/canh-rau-muong-khoai-so/,token_reorder,token_reorder,unreviewed_candidate_only,1.000000,1.000000,equal_token_sets,18,0.217391,[],[],[],[],,,7,8,0.250000,"[""hành lá"", ""khoai sọ"", ""rau muống""]","[""dầu ăn"", ""hành tím"", ""nước nước mắm"", ""sườn non""]","[""cá thác lác"", ""hạt nêm heo"", ""ngò rí"", ""tiêu nước nước mắm"", ""ớt sừng""]",word order can change ingredient roles
68f27d2e-eeec-4dc4-8a04-dfd278f6602c,87cc45cc-2928-4396-b913-19e436320f3c,Kho quẹt tôm khô,Tôm khô kho quẹt,kho quẹt tôm khô,tôm khô kho quẹt,kho quẹt tôm khô,tôm khô kho quẹt,https://www.dienmayxanh.com/vao-bep/cach-lam-kho-quet-ngon-ngat-ngay-dam-da-cho-bua-com-gia-00687,https://www.dienmayxanh.com/vao-bep/3-cach-lam-tom-kho-kho-quet-dan-da-dam-da-hao-com-14937,token_reorder,token_reorder,unreviewed_candidate_only,1.000000,1.000000,equal_token_sets,14,0.125000,[],[],[],[],,,14,12,0.444444,"[""dầu ăn"", ""hành lá"", ""hành tím"", ""nước nước mắm"", ""thịt ba chỉ"", ""tôm khô"", ""tỏi"", ""ớt""]","[""ha nh la"", ""mơ heo"", ""nươ c mă m"", ""thi t ba chi"", ""ớt hiểm"", ""ớt xanh""]","[""nước màu"", ""tiêu hạt"", ""tiêu xanh"", ""tương ớt""]",word order can change ingredient roles
7a29697d-bab2-47b1-a4eb-6a84834d4c90,b5b6a480-6f64-4ae3-b994-41b0568aa8af,Tôm rang thịt ba chỉ,Thịt ba chỉ rang tôm,tôm rang thịt ba chỉ,thịt ba chỉ rang tôm,tôm rang thịt ba chỉ,thịt ba chỉ rang tôm,https://www.dienmayxanh.com/vao-bep/3-cong-thuc-cho-mon-tom-rang-thit-la-ma-quen-dam-da-hao-com--01449,https://cookpad.com/vn/cong-thuc/11314511,token_reorder,token_reorder,unreviewed_candidate_only,1.000000,1.000000,equal_token_sets,15,0.250000,[],[],[],[],,,6,9,0.071429,"[""dầu ăn""]","[""bột ớt"", ""nước nước mắm"", ""thịt ba chỉ"", ""tôm"", ""tỏi""]","[""hành tỏi"", ""muối"", ""màu điều"", ""nước mắm"", ""thịt heo ba chỉ"", ""tiêu"", ""tôm đất"", ""đường""]",word order can change ingredient roles; low ingredient-name overlap (<0.25); inspect source recipes
85239c1e-d1ce-40ba-8e9c-8d6fac9f1d39,86f66ac8-faaa-4f77-bce0-d293cc72f7e2,Canh khoai tây xương hầm,Canh xương hầm khoai tây,canh khoai tây xương hầm,canh xương hầm khoai tây,canh khoai tây xương hầm,canh xương hầm khoai tây,https://www.dienmayxanh.com/vao-bep/cach-nau-canh-khoai-tay-xuong-ham-han-quoc-bo-duong-am-bung-09290,https://www.dienmayxanh.com/vao-bep/cach-nau-canh-xuong-ham-khoai-tay-ca-rot-ngon-ngot-don-gian-12538,token_reorder,token_reorder,unreviewed_candidate_only,1.000000,1.000000,equal_token_sets,16,0.333333,[],[],[],[],,,15,8,0.045455,"[""khoai tây""]","[""cải thảo"", ""hành tây"", ""lá vừng"", ""muối tiêu"", ""nước nước mắm"", ""nước tương"", ""nấm kim châm"", ""rượu mirin"", ""sốt đậu tương hàn quốc"", ""tỏi"", ""tỏi tây"", ""xương sườn heo"", ""ớt bột hàn quốc"", ""ớt xanh""]","[""cà rốt"", ""dầu ăn"", ""hành lá"", ""hành tím"", ""ngò rí"", ""xương heo"", ""đậu đỏ""]",word order can change ingredient roles; low ingredient-name overlap (<0.25); inspect source recipes
90b1faec-e2cf-4e3d-a9e6-087a5d797d2b,af0d4d96-5361-411a-a974-b0241c119189,Thịt Heo Rừng Xào Cải Chua,Cải Chua Xào Thịt Heo Rừng,thịt heo rừng xào cải chua,cải chua xào thịt heo rừng,thịt heo rừng xào cải chua,cải chua xào thịt heo rừng,https://cookpad.com/vn/cong-thuc/24743385,https://cookpad.com/vn/cong-thuc/24491378,token_reorder,token_reorder,unreviewed_candidate_only,1.000000,1.000000,equal_token_sets,22,0.153846,[],[],[],[],,,7,8,0.363636,"[""cải chua"", ""muối"", ""thịt heo rừng"", ""tỏi""]","[""dầu ăn"", ""mì chính"", ""nước mắm""]","[""cafe nước mắm"", ""dầu hào"", ""mỡ"", ""tiêu xay""]",word order can change ingredient roles
9284fb5b-d3fa-42bc-91f9-817fcd4cfb3f,cf066500-9078-4666-9689-815d968ffb46,Mì trứng tôm thịt heo,Mì tôm Trứng Thịt heo,mì trứng tôm thịt heo,mì tôm trứng thịt heo,mì trứng tôm thịt heo,mì tôm trứng thịt heo,https://cookpad.com/vn/cong-thuc/15230743,https://cookpad.com/vn/cong-thuc/15348949,token_reorder,token_reorder,unreviewed_candidate_only,1.000000,1.000000,equal_token_sets,8,0.619048,[],[],[],[],,,14,5,0.055556,"[""hành lá""]","[""300 xà lách các loại"", ""6 hành tím"", ""dẻo ba chỉ heo"", ""gừng"", ""lá tía tô"", ""muối"", ""mì trứng khô"", ""ngò rí"", ""nước nước mắm 40 độ"", ""nấu phở"", ""sả"", ""tôm"", ""tỏi""]","[""mì tôm"", ""nước"", ""thịt heo"", ""trứng""]",word order can change ingredient roles; low ingredient-name overlap (<0.25); inspect source recipes
9895807c-57d4-454c-a4cb-8f72ad5c23f2,c7817bd6-6507-465d-bdf4-6c02d3df8c47,Cháo Khoai Lang Tím Thịt Heo,Cháo thịt heo khoai lang tím,cháo khoai lang tím thịt heo,cháo thịt heo khoai lang tím,cháo khoai lang tím thịt heo,cháo thịt heo khoai lang tím,https://cookpad.com/vn/cong-thuc/23945640,https://cookpad.com/vn/cong-thuc/17146451,token_reorder,token_reorder,unreviewed_candidate_only,1.000000,1.000000,equal_token_sets,18,0.357143,[],[],[],[],,,11,3,0.000000,[],"[""dầu ăn"", ""gạo dẻo"", ""gừng cắt sợi"", ""hành lá"", ""hành tím"", ""khoai lang"", ""muối"", ""ngò rí"", ""thịt heo xay"", ""tiêu"", ""ớt sừng""]","[""gạo"", ""khoai lang tím"", ""thịt heo""]",word order can change ingredient roles; low ingredient-name overlap (<0.25); inspect source recipes
9faf9fda-336b-4ddf-b781-b40a161fcc77,e99d3120-4201-4da9-b7d2-4e5a6d1db2f4,Bò xào măng tây,Măng tây xào bò,bò xào măng tây,măng tây xào bò,bò xào măng tây,măng tây xào bò,https://cookpad.com/vn/cong-thuc/25375748,https://cookpad.com/vn/cong-thuc/17030867,token_reorder,token_reorder,unreviewed_candidate_only,1.000000,1.000000,equal_token_sets,14,0.066667,[],[],[],[],,,3,6,0.285714,"[""măng tây"", ""tỏi""]","[""thịt bò""]","[""cà rốt"", ""ngò tây"", ""nấm đùi gà"", ""phile bò""]",word order can change ingredient roles
a325559b-105b-4ad2-bd73-a1ef42ee6bee,dc8517c7-668b-4f53-9900-af733ccf069c,Bò xào đậu rồng,Đậu rồng xào bò,bò xào đậu rồng,đậu rồng xào bò,bò xào đậu rồng,đậu rồng xào bò,https://cookpad.com/vn/cong-thuc/24052688,https://cookpad.com/vn/cong-thuc/23849737,token_reorder,token_reorder,unreviewed_candidate_only,1.000000,1.000000,equal_token_sets,14,0.066667,[],[],[],[],,,7,4,0.100000,"[""đậu rồng""]","[""2 tỏi"", ""dầu hào"", ""dầu ăn"", ""hạt nêm"", ""nước tương"", ""thịt bò""]","[""phile bò"", ""tỏi"", ""tỏi phi""]",word order can change ingredient roles; low ingredient-name overlap (<0.25); inspect source recipes
a6fd4bf3-da56-4d9b-afa2-78a10e4e9d15,fd9a18e2-06c4-49fa-888f-698f488e3270,Thịt Cốt Lết Ram,Thịt Cốt Lết (Cutlet) Ram,thịt cốt lết ram,thịt cốt lết (cutlet) ram,thịt cốt lết ram,thịt cốt lết cutlet ram,https://cookpad.com/vn/cong-thuc/24077015,https://cookpad.com/vn/cong-thuc/12127760,parenthetical_base_equal,parenthetical_base_equal,unreviewed_candidate_only,0.800000,1.000000,a_tokens_contained_in_b,7,0.695652,[],"[""cutlet""]",[],"[""cutlet""]",,,9,6,0.363636,"[""dầu ăn"", ""nước nước mắm"", ""tỏi"", ""đường""]","[""mì chính"", ""nước lọc"", ""thịt cốt lết"", ""tương ớt"", ""xíu muối để rửa thịt""]","[""sườn cốt lết"", ""ớt""]",parenthetical wording may specify a meaningful variant
a814e702-3746-4192-a50e-091415aaa481,cc10614c-9d4c-4cea-9e55-9bf8e364c505,Canh cà chua thịt bò,Canh thịt bò cà chua,canh cà chua thịt bò,canh thịt bò cà chua,canh cà chua thịt bò,canh thịt bò cà chua,https://monngonmoingay.com/canh-ca-chua-thit-bo/,https://www.dienmayxanh.com/vao-bep/cach-nau-canh-thit-bo-ca-chua-thom-thanh-mat-thom-ngon-an-la-12749,token_reorder,token_reorder,unreviewed_candidate_only,1.000000,1.000000,equal_token_sets,14,0.300000,[],[],[],[],,,13,6,0.187500,"[""cà chua"", ""dầu ăn"", ""hành lá ngò rí""]","[""hành tím"", ""khoai tây"", ""muối"", ""mì chính"", ""ngò gai"", ""nước nước mắm"", ""thịt bò xay"", ""thịt nạc vai xay"", ""tiêu"", ""đường""]","[""dứa"", ""rượu trắng"", ""thịt bò""]",word order can change ingredient roles; low ingredient-name overlap (<0.25); inspect source recipes
afb417dd-112b-4000-bc86-a6279ea1a02a,f12fb7c8-88c1-4b7e-a5f4-cb781f8f3c1b,Thịt Bò Xào Cải Thìa,Cải thìa xào thịt bò,thịt bò xào cải thìa,cải thìa xào thịt bò,thịt bò xào cải thìa,cải thìa xào thịt bò,https://cookpad.com/vn/cong-thuc/24776233,https://cookpad.com/vn/cong-thuc/22601408,token_reorder,token_reorder,unreviewed_candidate_only,1.000000,1.000000,equal_token_sets,14,0.300000,[],[],[],[],,,7,6,0.444444,"[""cải thìa"", ""dầu hào"", ""thịt bò"", ""tỏi""]","[""cf dầu mè"", ""cf tiêu xay"", ""mỡ nước""]","[""hạt nêm"", ""muối""]",word order can change ingredient roles
b36c1f0d-c86a-45b0-91dc-d2083a064662,b674691a-974f-47cf-abb8-0d6fa96ba5e4,Canh đu đủ hầm giò heo,Canh giò heo hầm đu đủ,canh đu đủ hầm giò heo,canh giò heo hầm đu đủ,canh đu đủ hầm giò heo,canh giò heo hầm đu đủ,https://cookpad.com/vn/cong-thuc/22612703,https://cookpad.com/vn/cong-thuc/15076528,token_reorder,token_reorder,unreviewed_candidate_only,1.000000,1.000000,equal_token_sets,12,0.454545,[],[],[],[],,,3,6,0.000000,[],"[""giò heo lấy phần móng giò"", ""ngò gai"", ""đu đủ xanh""]","[""gio heo"", ""ha nh la"", ""ha t nêm"", ""muô i"", ""tiêu"", ""tra i đu đu""]",word order can change ingredient roles; low ingredient-name overlap (<0.25); inspect source recipes
c87eade8-b9bd-419b-9d31-f407c34d10b7,f351e7b3-cc67-45ae-b4f3-968ad6541be1,Thịt heo xào dưa cải chua,Dưa cải chua xào thịt heo,thịt heo xào dưa cải chua,dưa cải chua xào thịt heo,thịt heo xào dưa cải chua,dưa cải chua xào thịt heo,https://cookpad.com/vn/cong-thuc/16616705,https://cookpad.com/vn/cong-thuc/22599537,token_reorder,token_reorder,unreviewed_candidate_only,1.000000,1.000000,equal_token_sets,20,0.200000,[],[],[],[],,,2,9,0.100000,"[""dưa cải chua""]","[""thịt heo""]","[""dầu hào"", ""dầu ăn"", ""hành lá"", ""hành tím"", ""hạt nêm"", ""nước nước mắm"", ""thịt ba chỉ"", ""đường""]",word order can change ingredient roles; low ingredient-name overlap (<0.25); inspect source recipes
dd1a4165-83eb-4c5c-a84a-b4d783965fb0,e927d85e-ec65-4a2e-a8de-61b759de59e1,"Thịt heo kho tiêu, nhanh gọn",Thịt heo kho tiêu,"thịt heo kho tiêu, nhanh gọn",thịt heo kho tiêu,thịt heo kho tiêu nhanh gọn,thịt heo kho tiêu,https://cookpad.com/vn/cong-thuc/16991491,https://cookpad.com/vn/cong-thuc/15751678,descriptive_suffix_equal,descriptive_suffix_equal,unreviewed_candidate_only,0.666667,1.000000,b_tokens_contained_in_a,10,0.629630,"[""gọn"", ""nhanh""]",[],[],[],nhanh gọn,,8,11,0.117647,"[""thịt heo"", ""đường""]","[""hành tìm"", ""hạt nêm"", ""hạt tiêu"", ""muối"", ""nước mắm"", ""tỏi""]","[""dầu ăn"", ""hành lá"", ""hành tím"", ""mì chính"", ""nước lọc"", ""nước màu"", ""nước nước mắm"", ""tiêu xay"", ""tỏi xay""]",suffix may encode audience or preparation differences; low ingredient-name overlap (<0.25); inspect source recipes
